{"count":1,"self":635.0746624,"total":1383.2171650999999,"children":{"InitializeActuators":{"count":1,"self":0.0025315999999999997,"total":0.0025315999999999997,"children":null},"InitializeSensors":{"count":1,"self":0.0025123,"total":0.0025123,"children":null},"AgentSendState":{"count":928301,"self":5.5666052,"total":26.3825635,"children":{"CollectObservations":{"count":92831,"self":0.17828729999999998,"total":0.17828729999999998,"children":null},"WriteActionMask":{"count":92831,"self":0.090822699999999992,"total":0.090822699999999992,"children":null},"RequestDecision":{"count":92831,"self":0.40489919999999996,"total":20.5468482,"children":{"AgentInfo.ToProto":{"count":92831,"self":0.5756328,"total":20.141949,"children":{"GenerateSensorData":{"count":92831,"self":19.3915248,"total":19.5663162,"children":{"RayPerceptionSensor.Perceive":{"count":92831,"self":0.1747915,"total":0.1747915,"children":null}}}}}}}}},"DecideAction":{"count":928301,"self":558.742784,"total":558.74277499999994,"children":null},"AgentAct":{"count":928301,"self":162.0457472,"total":162.97659679999998,"children":{"AgentInfo.ToProto":{"count":4027,"self":0.023460599999999998,"total":0.9308474,"children":{"GenerateSensorData":{"count":4027,"self":0.8997851,"total":0.90738679999999994,"children":{"RayPerceptionSensor.Perceive":{"count":4027,"self":0.0076016999999999994,"total":0.0076016999999999994,"children":null}}}}}}},"AgentInfo.ToProto":{"count":144,"self":0.0025096,"total":0.0345411,"children":{"GenerateSensorData":{"count":144,"self":0.0320315,"total":0.0320315,"children":{"RayPerceptionSensor.Perceive":{"count":144,"self":0,"total":0,"children":null}}}}}},"gauges":{"Player.CumulativeReward":{"count":4171,"max":4.75769949,"min":-4.35742855,"runningAverage":-1.98904884,"value":-2.5846262,"weightedAverage":-2.501233}},"metadata":{"timer_format_version":"0.1.0","start_time_seconds":"1747599523","unity_version":"6000.0.48f1","command_line_arguments":"C:\\Program Files\\Unity\\Hub\\Editor\\6000.0.48f1\\Editor\\Unity.exe -projectpath D:\\Documents\\AP\\Jaar3\\Sem2\\VR_Experience\\Project\\Project_VR -useHub -hubIPC -cloudEnvironment production","communication_protocol_version":"1.5.0","com.unity.ml-agents_version":"3.0.0","scene_name":"SampleScene","end_time_seconds":"1747600906"}}