{"count":1,"self":1646.0341248,"total":3085.4479441999997,"children":{"InitializeActuators":{"count":1,"self":0.0020618999999999998,"total":0.0020618999999999998,"children":null},"InitializeSensors":{"count":1,"self":0.0020085999999999997,"total":0.0020085999999999997,"children":null},"AgentSendState":{"count":2421685,"self":17.122312,"total":105.92241999999999,"children":{"CollectObservations":{"count":242169,"self":0.4984071,"total":0.4984071,"children":null},"WriteActionMask":{"count":242169,"self":0.21795879999999998,"total":0.21795879999999998,"children":null},"RequestDecision":{"count":242169,"self":1.1850414999999999,"total":88.083741899999993,"children":{"AgentInfo.ToProto":{"count":242169,"self":1.6008784,"total":86.8987004,"children":{"GenerateSensorData":{"count":242169,"self":84.7171264,"total":85.297822,"children":{"RayPerceptionSensor.Perceive":{"count":242169,"self":0.58069629999999994,"total":0.58069629999999994,"children":null}}}}}}}}},"DecideAction":{"count":2421685,"self":1318.3325184,"total":1318.3325625999998,"children":null},"AgentAct":{"count":2421685,"self":14.99808,"total":15.0887453,"children":{"AgentInfo.ToProto":{"count":244,"self":0.0030241,"total":0.0906656,"children":{"GenerateSensorData":{"count":244,"self":0.0851186,"total":0.0876415,"children":{"RayPerceptionSensor.Perceive":{"count":244,"self":0.0025229,"total":0.0025229,"children":null}}}}}}},"AgentInfo.ToProto":{"count":208,"self":0,"total":0.066057999999999992,"children":{"GenerateSensorData":{"count":208,"self":0.066057999999999992,"total":0.066057999999999992,"children":{"RayPerceptionSensor.Perceive":{"count":208,"self":0,"total":0,"children":null}}}}}},"gauges":{"Player.CumulativeReward":{"count":452,"max":9.394367,"min":-10.3829889,"runningAverage":0.9366818,"value":4.936141,"weightedAverage":2.92996}},"metadata":{"timer_format_version":"0.1.0","start_time_seconds":"1747680966","unity_version":"6000.0.48f1","command_line_arguments":"C:\\Program Files\\Unity\\Hub\\Editor\\6000.0.48f1\\Editor\\Unity.exe -projectpath D:\\Documents\\AP\\Jaar3\\Sem2\\VR_Experience\\Project\\Project_VR -useHub -hubIPC -cloudEnvironment production","communication_protocol_version":"1.5.0","com.unity.ml-agents_version":"3.0.0","scene_name":"SampleScene","end_time_seconds":"1747684051"}}