{
    "name": "root",
    "gauges": {
        "Player.Policy.Entropy.mean": {
            "value": 1.3715537786483765,
            "min": 1.3715537786483765,
            "max": 1.3823145627975464,
            "count": 11
        },
        "Player.Policy.Entropy.sum": {
            "value": 13675.7626953125,
            "min": 10925.814453125,
            "max": 13810.564453125,
            "count": 11
        },
        "Player.Step.mean": {
            "value": 349958.0,
            "min": 249997.0,
            "max": 349958.0,
            "count": 11
        },
        "Player.Step.sum": {
            "value": 349958.0,
            "min": 249997.0,
            "max": 349958.0,
            "count": 11
        },
        "Player.Policy.ExtrinsicValueEstimate.mean": {
            "value": 1.6114388704299927,
            "min": 0.5442530512809753,
            "max": 1.6114388704299927,
            "count": 11
        },
        "Player.Policy.ExtrinsicValueEstimate.sum": {
            "value": 283.6132507324219,
            "min": 94.70003509521484,
            "max": 283.6132507324219,
            "count": 11
        },
        "Player.Environment.EpisodeLength.mean": {
            "value": 242.1951219512195,
            "min": 242.1951219512195,
            "max": 414.125,
            "count": 11
        },
        "Player.Environment.EpisodeLength.sum": {
            "value": 9930.0,
            "min": 7556.0,
            "max": 10503.0,
            "count": 11
        },
        "Player.Environment.CumulativeReward.mean": {
            "value": 6.164964314822743,
            "min": 2.4194928390845174,
            "max": 6.164964314822743,
            "count": 11
        },
        "Player.Environment.CumulativeReward.sum": {
            "value": 252.7635369077325,
            "min": 71.98896028101444,
            "max": 252.7635369077325,
            "count": 11
        },
        "Player.Policy.ExtrinsicReward.mean": {
            "value": 6.164964314822743,
            "min": 2.4194928390845174,
            "max": 6.164964314822743,
            "count": 11
        },
        "Player.Policy.ExtrinsicReward.sum": {
            "value": 252.7635369077325,
            "min": 71.98896028101444,
            "max": 252.7635369077325,
            "count": 11
        },
        "Player.Losses.PolicyLoss.mean": {
            "value": 0.03297298075631261,
            "min": 0.022819811020356913,
            "max": 0.04228205937478277,
            "count": 11
        },
        "Player.Losses.PolicyLoss.sum": {
            "value": 0.13189192302525043,
            "min": 0.11409905510178457,
            "max": 0.18190280736113587,
            "count": 11
        },
        "Player.Losses.ValueLoss.mean": {
            "value": 0.8765308422346909,
            "min": 0.4546395043532054,
            "max": 0.8765308422346909,
            "count": 11
        },
        "Player.Losses.ValueLoss.sum": {
            "value": 3.5061233689387636,
            "min": 1.363918513059616,
            "max": 3.84965289880832,
            "count": 11
        },
        "Player.Policy.LearningRate.mean": {
            "value": 0.00016204874598376665,
            "min": 0.00016204874598376665,
            "max": 0.00020146936617688893,
            "count": 11
        },
        "Player.Policy.LearningRate.sum": {
            "value": 0.0006481949839350666,
            "min": 0.0006044080985306668,
            "max": 0.0009907145697618668,
            "count": 11
        },
        "Player.Policy.Epsilon.mean": {
            "value": 0.1540162333333333,
            "min": 0.1540162333333333,
            "max": 0.16715644444444444,
            "count": 11
        },
        "Player.Policy.Epsilon.sum": {
            "value": 0.6160649333333332,
            "min": 0.5014693333333333,
            "max": 0.8302381333333333,
            "count": 11
        },
        "Player.Policy.Beta.mean": {
            "value": 0.0005000000000000001,
            "min": 0.0005000000000000001,
            "max": 0.0005000000000000001,
            "count": 11
        },
        "Player.Policy.Beta.sum": {
            "value": 0.0020000000000000005,
            "min": 0.0015000000000000005,
            "max": 0.0025000000000000005,
            "count": 11
        },
        "Player.IsTraining.mean": {
            "value": 1.0,
            "min": 1.0,
            "max": 1.0,
            "count": 11
        },
        "Player.IsTraining.sum": {
            "value": 1.0,
            "min": 1.0,
            "max": 1.0,
            "count": 11
        }
    },
    "metadata": {
        "timer_format_version": "0.1.0",
        "start_time_seconds": "1747743215",
        "python_version": "3.9.21 (main, Dec 11 2024, 16:35:24) [MSC v.1929 64 bit (AMD64)]",
        "command_line_arguments": "C:\\Users\\marni\\anaconda3\\envs\\VR_Experience\\Scripts\\mlagents-learn config/SearchAgent.yaml --run-id=SearchAgent2 --resume",
        "mlagents_version": "0.30.0",
        "mlagents_envs_version": "0.30.0",
        "communication_protocol_version": "1.5.0",
        "pytorch_version": "1.7.1+cu110",
        "numpy_version": "1.21.2",
        "end_time_seconds": "1747744835"
    },
    "total": 1619.6722449,
    "count": 1,
    "self": 10.006383499999856,
    "children": {
        "run_training.setup": {
            "total": 0.15144309999999983,
            "count": 1,
            "self": 0.15144309999999983
        },
        "TrainerController.start_learning": {
            "total": 1609.5144183,
            "count": 1,
            "self": 2.4982241000082013,
            "children": {
                "TrainerController._reset_env": {
                    "total": 8.3124163,
                    "count": 1,
                    "self": 8.3124163
                },
                "TrainerController.advance": {
                    "total": 1598.561004899992,
                    "count": 116999,
                    "self": 2.335969199971032,
                    "children": {
                        "env_step": {
                            "total": 1554.4390318999979,
                            "count": 116999,
                            "self": 1230.302769499976,
                            "children": {
                                "SubprocessEnvManager._take_step": {
                                    "total": 322.64709350000135,
                                    "count": 116999,
                                    "self": 7.166298999985145,
                                    "children": {
                                        "TorchPolicy.evaluate": {
                                            "total": 315.4807945000162,
                                            "count": 116659,
                                            "self": 315.4807945000162
                                        }
                                    }
                                },
                                "workers": {
                                    "total": 1.4891689000204753,
                                    "count": 116998,
                                    "self": 0.0,
                                    "children": {
                                        "worker_root": {
                                            "total": 1597.7344175000205,
                                            "count": 116998,
                                            "is_parallel": true,
                                            "self": 495.1699482000454,
                                            "children": {
                                                "steps_from_proto": {
                                                    "total": 0.0030821000000003096,
                                                    "count": 1,
                                                    "is_parallel": true,
                                                    "self": 0.0001697000000007165,