{
    "name": "root",
    "gauges": {
        "Player.Policy.Entropy.mean": {
            "value": 1.3841819763183594,
            "min": 1.3841819763183594,
            "max": 1.4189488887786865,
            "count": 24
        },
        "Player.Policy.Entropy.sum": {
            "value": 13862.58203125,
            "min": 13822.216796875,
            "max": 14253.365234375,
            "count": 24
        },
        "Player.Step.mean": {
            "value": 239953.0,
            "min": 9945.0,
            "max": 239953.0,
            "count": 24
        },
        "Player.Step.sum": {
            "value": 239953.0,
            "min": 9945.0,
            "max": 239953.0,
            "count": 24
        },
        "Player.Policy.ExtrinsicValueEstimate.mean": {
            "value": 0.6774988770484924,
            "min": -0.6717725992202759,
            "max": 0.9324944019317627,
            "count": 24
        },
        "Player.Policy.ExtrinsicValueEstimate.sum": {
            "value": 112.46481323242188,
            "min": -110.84247589111328,
            "max": 160.3890380859375,
            "count": 24
        },
        "Player.Environment.EpisodeLength.mean": {
            "value": 448.40909090909093,
            "min": 330.53333333333336,
            "max": 938.7,
            "count": 24
        },
        "Player.Environment.EpisodeLength.sum": {
            "value": 9865.0,
            "min": 9038.0,
            "max": 10880.0,
            "count": 24
        },
        "Player.Environment.CumulativeReward.mean": {
            "value": 3.592052497647025,
            "min": -2.6064112458158943,
            "max": 4.075103406111399,
            "count": 24
        },
        "Player.Environment.CumulativeReward.sum": {
            "value": 79.02515494823456,
            "min": -44.3089911788702,
            "max": 122.25310218334198,
            "count": 24
        },
        "Player.Policy.ExtrinsicReward.mean": {
            "value": 3.592052497647025,
            "min": -2.6064112458158943,
            "max": 4.075103406111399,
            "count": 24
        },
        "Player.Policy.ExtrinsicReward.sum": {
            "value": 79.02515494823456,
            "min": -44.3089911788702,
            "max": 122.25310218334198,
            "count": 24
        },
        "Player.Losses.PolicyLoss.mean": {
            "value": 0.03338147342049828,
            "min": 0.022720663982909173,
            "max": 0.042755851467760904,
            "count": 24
        },
        "Player.Losses.PolicyLoss.sum": {
            "value": 0.16690736710249138,
            "min": 0.09088265593163669,
            "max": 0.2137792573388045,
            "count": 24
        },
        "Player.Losses.ValueLoss.mean": {
            "value": 0.46372998704512913,
            "min": 0.18527570553123948,
            "max": 0.6315506491810083,
            "count": 24
        },
        "Player.Losses.ValueLoss.sum": {
            "value": 2.3186499352256456,
            "min": 0.7666466136773428,
            "max": 2.6240232847630978,
            "count": 24
        },
        "Player.Policy.LearningRate.mean": {
            "value": 0.00020613235128922667,
            "min": 0.00020613235128922667,
            "max": 0.00029792440069186665,
            "count": 24
        },
        "Player.Policy.LearningRate.sum": {
            "value": 0.0010306617564461334,
            "min": 0.0008562073145976,
            "max": 0.0014707772097409333,
            "count": 24
        },
        "Player.Policy.Epsilon.mean": {
            "value": 0.16871077333333334,
            "min": 0.16871077333333334,
            "max": 0.19930813333333333,
            "count": 24
        },
        "Player.Policy.Epsilon.sum": {
            "value": 0.8435538666666667,
            "min": 0.6854024,
            "max": 0.9902590666666667,
            "count": 24
        },
        "Player.Policy.Beta.mean": {
            "value": 0.0005000000000000001,
            "min": 0.0005000000000000001,
            "max": 0.0005000000000000001,
            "count": 24
        },
        "Player.Policy.Beta.sum": {
            "value": 0.0025000000000000005,
            "min": 0.0020000000000000005,
            "max": 0.0025000000000000005,
            "count": 24
        },
        "Player.IsTraining.mean": {
            "value": 1.0,
            "min": 1.0,
            "max": 1.0,
            "count": 24
        },
        "Player.IsTraining.sum": {
            "value": 1.0,
            "min": 1.0,
            "max": 1.0,
            "count": 24
        }
    },
    "metadata": {
        "timer_format_version": "0.1.0",
        "start_time_seconds": "1747680961",
        "python_version": "3.9.21 (main, Dec 11 2024, 16:35:24) [MSC v.1929 64 bit (AMD64)]",
        "command_line_arguments": "C:\\Users\\marni\\anaconda3\\envs\\VR_Experience\\Scripts\\mlagents-learn config/SearchAgent.yaml --run-id=SearchAgent2",
        "mlagents_version": "0.30.0",
        "mlagents_envs_version": "0.30.0",
        "communication_protocol_version": "1.5.0",
        "pytorch_version": "1.7.1+cu110",
        "numpy_version": "1.21.2",
        "end_time_seconds": "1747684063"
    },
    "total": 3101.3629238,
    "count": 1,
    "self": 0.004696899999999005,
    "children": {
        "run_training.setup": {
            "total": 0.15277010000000013,
            "count": 1,
            "self": 0.15277010000000013
        },
        "TrainerController.start_learning": {
            "total": 3101.2054568,
            "count": 1,
            "self": 4.913696200033428,
            "children": {
                "TrainerController._reset_env": {
                    "total": 6.98094,
                    "count": 1,
                    "self": 6.98094
                },
                "TrainerController.advance": {
                    "total": 3089.251918799966,
                    "count": 242579,
                    "self": 4.412393199928829,
                    "children": {
                        "env_step": {
                            "total": 3008.3890738999776,
                            "count": 242579,
                            "self": 2396.0613914999954,
                            "children": {
                                "SubprocessEnvManager._take_step": {
                                    "total": 609.3757676999812,
                                    "count": 242579,
                                    "self": 14.244968999909133,
                                    "children": {
                                        "TorchPolicy.evaluate": {
                                            "total": 595.1307987000721,
                                            "count": 242167,
                                            "self": 595.1307987000721
                                        }
                                    }
                                },
                                "workers": {
                                    "total": 2.951914700000968,
                                    "count": 242578,
                                    "self": 0.0,
                                    "children": {
                                        "worker_root": {
                                            "total": 3077.361406100045,
                                            "count": 242578,
                                            "is_parallel": true,
                                            "self": 927.2696114998862,
                                            "children": {
                                                "steps_from_proto": {
                                                    "total": 0.00031899999999929207,
                                                    "count": 1,
                                                    "is_parallel": true,
                                                    "self": 0.00010499999999868947,